-- --------------------------------------------------------
-- Хост:                         127.0.0.1
-- Версия сервера:               5.5.23 - MySQL Community Server (GPL)
-- Операционная система:         Win64
-- HeidiSQL Версия:              9.4.0.5125
-- --------------------------------------------------------

/*!40101 SET @OLD_CHARACTER_SET_CLIENT=@@CHARACTER_SET_CLIENT */;
/*!40101 SET NAMES utf8 */;
/*!50503 SET NAMES utf8mb4 */;
/*!40014 SET @OLD_FOREIGN_KEY_CHECKS=@@FOREIGN_KEY_CHECKS, FOREIGN_KEY_CHECKS=0 */;
/*!40101 SET @OLD_SQL_MODE=@@SQL_MODE, SQL_MODE='NO_AUTO_VALUE_ON_ZERO' */;


-- Дамп структуры базы данных twitter_eav
DROP DATABASE IF EXISTS `twitter_eav`;
CREATE DATABASE IF NOT EXISTS `twitter_eav` /*!40100 DEFAULT CHARACTER SET utf8 */;
USE `twitter_eav`;

-- Дамп структуры для таблица twitter_eav.attribute
CREATE TABLE IF NOT EXISTS `attribute` (
  `attribute_id` int(11) NOT NULL AUTO_INCREMENT,
  `name` varchar(45) NOT NULL,
  PRIMARY KEY (`attribute_id`),
  UNIQUE KEY `attribute_id_UNIQUE` (`attribute_id`),
  UNIQUE KEY `name_UNIQUE` (`name`)
) ENGINE=InnoDB AUTO_INCREMENT=24 DEFAULT CHARSET=utf8;

-- Дамп данных таблицы twitter_eav.attribute: ~23 rows (приблизительно)
/*!40000 ALTER TABLE `attribute` DISABLE KEYS */;
INSERT INTO `attribute` (`attribute_id`, `name`) VALUES
	(17, 'date'),
	(4, 'email'),
	(5, 'enabled'),
	(9, 'expire_date'),
	(11, 'first_name'),
	(1, 'id'),
	(12, 'last_name'),
	(15, 'links'),
	(19, 'mini_photo'),
	(7, 'name'),
	(20, 'owner_tweet_id'),
	(18, 'owner_username'),
	(3, 'password'),
	(13, 'photo_url'),
	(10, 'p_token'),
	(14, 'status'),
	(21, 'subscribe'),
	(22, 'subscribes'),
	(16, 'text'),
	(6, 'token_expired'),
	(2, 'username'),
	(23, 'username_who_likes'),
	(8, 'v_token');
/*!40000 ALTER TABLE `attribute` ENABLE KEYS */;

-- Дамп структуры для таблица twitter_eav.attribute_value
CREATE TABLE IF NOT EXISTS `attribute_value` (
  `value_id` int(11) NOT NULL AUTO_INCREMENT,
  `attribute_id` int(11) NOT NULL,
  `entity_id` int(11) NOT NULL,
  `value` varchar(255) DEFAULT NULL,
  PRIMARY KEY (`value_id`),
  UNIQUE KEY `value_id_UNIQUE` (`value_id`),
  KEY `attribute_id_idx` (`attribute_id`),
  KEY `entity_id_idx` (`entity_id`),
  CONSTRAINT `attribute_id` FOREIGN KEY (`attribute_id`) REFERENCES `attribute` (`attribute_id`) ON DELETE NO ACTION ON UPDATE NO ACTION,
  CONSTRAINT `entity_id` FOREIGN KEY (`entity_id`) REFERENCES `object` (`entity_id`) ON DELETE NO ACTION ON UPDATE NO ACTION
) ENGINE=InnoDB AUTO_INCREMENT=652 DEFAULT CHARSET=utf8;

-- Дамп данных таблицы twitter_eav.attribute_value: ~372 rows (приблизительно)
/*!40000 ALTER TABLE `attribute_value` DISABLE KEYS */;
INSERT INTO `attribute_value` (`value_id`, `attribute_id`, `entity_id`, `value`) VALUES
	(280, 7, 194, 'READ_PRIVILEGE'),
	(281, 7, 195, 'WRITE_PRIVILEGE'),
	(282, 7, 196, 'VIEW_PAGES_PRIVILEGE'),
	(283, 7, 197, 'ROLE_ADMIN'),
	(284, 7, 198, 'ROLE_USER'),
	(285, 12, 199, ''),
	(286, 15, 199, '[]'),
	(287, 13, 199, '565e84b2-6b8b-461b-bf38-b430af7bdc5e.jpg'),
	(288, 11, 199, ''),
	(289, 19, 199, '7ffcded7-30f3-427b-ad69-a2714d2fbe6c.jpg'),
	(290, 14, 199, ''),
	(291, 3, 200, '$2a$10$xtxz2inz7aH8QDNfJTQCHe9zCtTWW3k4sWc1Sd6d43Omvdk3l9ML6'),
	(292, 6, 200, 'false'),
	(293, 4, 200, 'borsuk.nikolay.96@gmail.com'),
	(294, 5, 200, 'true'),
	(295, 2, 200, 'Nikolay'),
	(296, 8, 201, 'e3f00e61-1111-4096-8853-33e97e54db74'),
	(297, 9, 201, '05/11/2017 14:06:24'),
	(298, 17, 202, '05/10/2017 14:08:32'),
	(299, 16, 202, 'ничего'),
	(300, 18, 202, 'Nikolay'),
	(301, 17, 203, '05/10/2017 14:14:14'),
	(302, 20, 203, '202'),
	(303, 16, 203, 'Привет'),
	(304, 17, 204, '05/10/2017 14:14:14'),
	(305, 20, 204, '202'),
	(306, 16, 204, 'Привет'),
	(307, 17, 205, '05/10/2017 14:14:25'),
	(308, 20, 205, '202'),
	(309, 16, 205, 'Привет'),
	(310, 17, 206, '05/10/2017 14:14:28'),
	(311, 20, 206, '202'),
	(312, 17, 207, '05/10/2017 14:14:28'),
	(313, 16, 206, 'Привет'),
	(314, 20, 207, '202'),
	(315, 16, 207, 'Привет'),
	(316, 17, 208, '05/10/2017 14:14:46'),
	(317, 20, 208, '202'),
	(318, 16, 208, ''),
	(319, 17, 209, '05/10/2017 14:14:46'),
	(320, 20, 209, '202'),
	(321, 16, 209, ''),
	(322, 17, 210, '05/10/2017 16:03:02'),
	(323, 20, 210, '202'),
	(324, 16, 210, 'Привет'),
	(325, 17, 211, '05/10/2017 16:03:09'),
	(326, 20, 211, '202'),
	(327, 16, 211, 'Привет'),
	(328, 17, 212, '05/10/2017 16:03:09'),
	(329, 20, 212, '202'),
	(330, 16, 212, 'Привет'),
	(331, 17, 213, '05/10/2017 16:14:27'),
	(332, 16, 213, 'dfgfdgfdgdg'),
	(333, 18, 213, 'Nikolay'),
	(334, 17, 214, '05/10/2017 16:14:39'),
	(335, 20, 214, '213'),
	(336, 16, 214, 'ffdfdgf'),
	(337, 17, 215, '05/10/2017 16:15:24'),
	(338, 20, 215, '213'),
	(339, 16, 215, 'ffdfdgf'),
	(340, 17, 216, '05/10/2017 16:15:31'),
	(341, 20, 216, '213'),
	(342, 16, 216, 'ffdfdgf'),
	(343, 17, 217, '05/10/2017 16:15:35'),
	(344, 20, 217, '213'),
	(345, 16, 217, 'ffdfdgf'),
	(346, 17, 218, '05/10/2017 16:20:50'),
	(347, 20, 218, '213'),
	(348, 16, 218, 'ee'),
	(349, 17, 219, '05/10/2017 16:21:19'),
	(350, 20, 219, '213'),
	(351, 16, 219, 'ee'),
	(352, 17, 220, '05/10/2017 16:28:10'),
	(353, 20, 220, '213'),
	(354, 16, 220, 'qq'),
	(355, 17, 221, '05/10/2017 16:28:21'),
	(356, 20, 221, '202'),
	(357, 16, 221, 'qq'),
	(358, 17, 222, '05/10/2017 16:31:41'),
	(359, 20, 222, '202'),
	(360, 16, 222, 'ee'),
	(361, 17, 223, '05/10/2017 16:36:31'),
	(362, 20, 223, '213'),
	(363, 16, 223, 'ytd'),
	(364, 17, 224, '05/10/2017 16:36:58'),
	(365, 20, 224, '213'),
	(366, 16, 224, 'ttt'),
	(367, 17, 225, '05/10/2017 16:38:00'),
	(368, 20, 225, '202'),
	(369, 16, 225, 'tt'),
	(370, 17, 226, '05/10/2017 16:39:50'),
	(371, 20, 226, '202'),
	(372, 16, 226, 'rrr'),
	(373, 17, 227, '05/10/2017 16:42:14'),
	(374, 20, 227, '213'),
	(375, 16, 227, 'rrr'),
	(376, 17, 228, '05/10/2017 17:02:18'),
	(377, 16, 228, 'qewfsd'),
	(378, 18, 228, 'Nikolay'),
	(379, 17, 229, '05/10/2017 17:02:31'),
	(380, 20, 229, '228'),
	(381, 16, 229, 'llll'),
	(382, 17, 230, '05/10/2017 17:02:37'),
	(383, 20, 230, '228'),
	(384, 16, 230, 'kkkk'),
	(385, 17, 231, '05/10/2017 17:02:48'),
	(386, 20, 231, '228'),
	(387, 16, 231, 'ooo'),
	(388, 17, 232, '05/10/2017 17:03:07'),
	(389, 20, 232, '228'),
	(390, 16, 232, 'iiiii'),
	(391, 17, 233, '05/10/2017 17:10:45'),
	(392, 20, 233, '213'),
	(393, 16, 233, 'rrr'),
	(394, 17, 234, '05/10/2017 17:11:02'),
	(395, 20, 234, '202'),
	(396, 16, 234, 'tt'),
	(397, 17, 235, '05/10/2017 17:26:57'),
	(398, 20, 235, '202'),
	(399, 16, 235, 'rrr'),
	(400, 17, 236, '05/10/2017 17:27:04'),
	(401, 20, 236, '202'),
	(402, 16, 236, 'TTT'),
	(403, 17, 237, '05/10/2017 17:27:14'),
	(404, 20, 237, '202'),
	(405, 16, 237, 'YYY'),
	(406, 17, 238, '05/10/2017 17:27:40'),
	(407, 20, 238, '202'),
	(408, 16, 238, 'ee'),
	(409, 17, 239, '05/10/2017 17:27:45'),
	(410, 20, 239, '202'),
	(411, 16, 239, ''),
	(412, 17, 240, '05/10/2017 20:41:01'),
	(413, 20, 240, '202'),
	(414, 16, 240, 'Привет'),
	(415, 17, 241, '05/10/2017 20:48:49'),
	(416, 20, 241, '213'),
	(417, 16, 241, 'e'),
	(418, 17, 242, '05/10/2017 20:52:05'),
	(419, 20, 242, '202'),
	(420, 16, 242, 'edd'),
	(421, 8, 243, 'e7daa748-6f06-498b-aa33-16c941022289'),
	(422, 9, 243, '05/11/2017 20:58:03'),
	(423, 8, 244, 'ea23ad07-647e-4508-8e5a-7357c1ffed92'),
	(424, 9, 244, '05/11/2017 20:58:19'),
	(425, 8, 245, '9c6d859d-ee3b-4bf2-ac51-49cc68624619'),
	(426, 9, 245, '05/11/2017 20:58:21'),
	(427, 8, 246, 'dff40b46-f8f9-4fcc-9608-a630c4006575'),
	(428, 9, 246, '05/11/2017 20:58:21'),
	(429, 8, 247, '69501e06-516c-42b2-97db-da452dc21406'),
	(430, 9, 247, '05/11/2017 20:58:21'),
	(431, 8, 248, '804f6a33-10ea-4e06-899b-9c31d56dfa86'),
	(432, 9, 248, '05/11/2017 20:58:21'),
	(433, 8, 249, '90a6c183-cab1-4d28-9dcb-523ae2c7dce8'),
	(434, 8, 251, '15aca39b-1894-4793-95ee-0ccf95f4023e'),
	(435, 8, 250, '20be3612-1845-40f8-bad1-bb671c941823'),
	(436, 9, 249, '05/11/2017 20:58:22'),
	(437, 9, 250, '05/11/2017 20:58:22'),
	(438, 9, 251, '05/11/2017 20:58:22'),
	(439, 17, 252, '05/10/2017 21:00:33'),
	(440, 20, 252, '202'),
	(441, 16, 252, 'еее'),
	(442, 17, 253, '05/10/2017 21:00:54'),
	(443, 20, 253, '202'),
	(444, 16, 253, 'еее'),
	(445, 17, 254, '05/10/2017 21:01:12'),
	(446, 20, 254, '202'),
	(447, 16, 254, 'ггг'),
	(448, 7, 255, 'CHANGE_PRIVILEGE'),
	(449, 8, 256, 'ce15ed5c-2f55-4c7b-802f-060c07810d68'),
	(450, 9, 256, '05/12/2017 13:29:20'),
	(451, 8, 257, '05b89390-ab86-46ef-a79c-d93e8ad8e9c8'),
	(452, 9, 257, '05/12/2017 13:30:12'),
	(453, 8, 258, '7f36e80c-19c1-478b-b798-04596737e4f5'),
	(454, 9, 258, '05/12/2017 13:33:29'),
	(455, 8, 259, '2bd3644a-fce3-4d0f-9637-b4106ed62a1d'),
	(456, 9, 259, '05/12/2017 13:37:32'),
	(457, 8, 260, 'f555d454-a004-4f86-a2ee-50cda32029e4'),
	(458, 9, 260, '05/12/2017 13:50:28'),
	(459, 8, 261, '63bd94e8-4c8d-4b84-84d6-0c6ff1c879e9'),
	(460, 9, 261, '05/12/2017 13:51:53'),
	(461, 8, 262, 'b1b174f6-6d1e-4116-b819-ee131d2b5f38'),
	(462, 9, 262, '05/12/2017 13:55:29'),
	(463, 8, 263, 'a1a91989-c35a-4415-90d8-68e63ee9c6f2'),
	(464, 9, 263, '05/12/2017 13:56:31'),
	(465, 8, 264, '1e13b963-7511-4c1a-9a6d-546b63fcec65'),
	(466, 9, 264, '05/12/2017 13:57:18'),
	(467, 8, 265, '70219614-4515-4e95-80b8-e1f8f324c04a'),
	(468, 9, 265, '05/12/2017 14:03:07'),
	(469, 8, 266, 'f4b608fe-1e50-4f2f-afdc-79eb983e29ec'),
	(470, 9, 266, '05/12/2017 14:08:58'),
	(471, 8, 267, '5d4fdef2-5694-48d8-bba1-5c04292f8e84'),
	(472, 9, 267, '05/12/2017 14:11:28'),
	(473, 8, 268, '84413137-f2e3-43b3-a545-6ed55a032c71'),
	(474, 8, 270, 'fb6efda0-38a0-4af6-b187-f3525961abcc'),
	(475, 8, 269, '0899661e-398f-4a6e-b210-ff95b1fd7b82'),
	(476, 9, 268, '05/12/2017 14:11:28'),
	(477, 9, 270, '05/12/2017 14:11:28'),
	(478, 9, 269, '05/12/2017 14:11:28'),
	(479, 8, 271, 'c5f17a3c-3410-4dbc-b333-75be82dea544'),
	(480, 9, 271, '05/12/2017 14:11:29'),
	(481, 8, 272, '3a702f7f-8992-45d6-afbc-68d274d4d8fc'),
	(482, 9, 272, '05/12/2017 14:11:29'),
	(483, 8, 273, 'ed802ee5-2323-42ce-afb1-32145c67dc22'),
	(484, 9, 273, '05/12/2017 14:11:29'),
	(485, 8, 275, 'aa24fc90-6df0-4eae-b574-07f1cf5e5147'),
	(486, 8, 274, '38036e06-d226-4f66-8388-e7955fd4726a'),
	(487, 9, 275, '05/12/2017 14:11:29'),
	(488, 8, 276, 'ec8782c8-dc0e-41b2-a3a0-2f0adc2a3e58'),
	(489, 8, 277, '75e33597-be89-4026-9729-7d3c7c9e9e75'),
	(490, 8, 278, 'c2b7fdbc-58a5-4fe4-9d1e-32b06e376469'),
	(491, 9, 274, '05/12/2017 14:11:29'),
	(492, 9, 276, '05/12/2017 14:11:29'),
	(493, 9, 277, '05/12/2017 14:11:29'),
	(494, 9, 278, '05/12/2017 14:11:29'),
	(495, 8, 279, '4d736e98-9fed-4ccc-b3e5-8db659ad9c6d'),
	(496, 9, 279, '05/12/2017 14:11:30'),
	(497, 8, 280, '2f15e01a-ab13-4971-a51f-0156e46a845d'),
	(498, 9, 280, '05/12/2017 14:31:46'),
	(499, 8, 281, 'f79b2723-5e3f-4133-b674-27080eda964a'),
	(500, 9, 281, '05/12/2017 14:37:20'),
	(501, 8, 282, '3f06bf0b-fbbc-4c6d-965f-bf4f88ac2bad'),
	(502, 9, 282, '05/12/2017 14:37:36'),
	(503, 8, 283, 'ddfd3fbb-d7ff-418f-924d-3d8e63b55249'),
	(504, 9, 283, '05/12/2017 14:37:52'),
	(505, 8, 284, '73db9bf0-117f-4d98-896e-c977d0aed7fe'),
	(506, 9, 284, '05/12/2017 14:37:53'),
	(507, 8, 285, 'b54ec736-f7dd-4ec0-a833-7e52641b31a4'),
	(508, 9, 285, '05/12/2017 14:37:54'),
	(509, 8, 286, '8f326934-b9e2-47ab-8e39-39b7e6131741'),
	(510, 9, 286, '05/12/2017 14:37:54'),
	(511, 8, 287, 'b9f8aa68-3afb-4fcd-862a-466aeedc02db'),
	(512, 9, 287, '05/12/2017 14:37:54'),
	(513, 8, 288, '98ede6dc-46a8-47f7-b568-53e5059dc853'),
	(514, 9, 288, '05/12/2017 14:37:55'),
	(515, 8, 289, '2020d0bb-7ca3-4b63-8ef2-e0f64b532183'),
	(516, 9, 289, '05/12/2017 14:37:55'),
	(517, 8, 290, '0ae3da47-c4b7-4cf0-877a-d2e53aa1fa58'),
	(518, 9, 290, '05/12/2017 14:38:12'),
	(519, 8, 291, '96268e99-b231-4f36-9036-feb353d77878'),
	(520, 9, 291, '05/12/2017 15:06:49'),
	(521, 22, 292, '[test, test2]'),
	(522, 18, 292, 'Nikolay'),
	(523, 12, 293, ''),
	(524, 15, 293, ''),
	(525, 13, 293, 'initialdata/img/default.png'),
	(526, 11, 293, ''),
	(527, 19, 293, 'default-mini.png'),
	(528, 14, 293, ''),
	(529, 3, 294, '$2a$10$uhWfqwhqFXLxEXViUnL8zuVBznmHDMxvQjuR8.4Pv0u5UVtKBj8Eq'),
	(530, 6, 294, 'false'),
	(531, 4, 294, 'test@test'),
	(532, 5, 294, 'false'),
	(533, 2, 294, 'test'),
	(534, 8, 295, '30ee829f-c76b-43ed-844c-568986b4cdff'),
	(535, 9, 295, '05/12/2017 17:04:46'),
	(536, 22, 296, '[, Nikolay]'),
	(537, 18, 296, 'test'),
	(538, 17, 297, '05/11/2017 17:05:48'),
	(539, 20, 297, '228'),
	(540, 16, 297, 'Херня'),
	(541, 12, 298, ''),
	(542, 15, 298, ''),
	(543, 13, 298, 'initialdata/img/default.png'),
	(544, 11, 298, ''),
	(545, 19, 298, 'default-mini.png'),
	(546, 14, 298, ''),
	(547, 3, 299, '$2a$10$XZB84b0RzuJ7l3CkSn3cvuaTAmmDscy5e6MUR7jzKSIj29AtklBvu'),
	(548, 6, 299, 'false'),
	(549, 4, 299, 'qwerty@qwerty'),
	(550, 5, 299, 'false'),
	(551, 2, 299, 'test2'),
	(552, 8, 300, '03f84316-d4ae-4700-96de-74e4a6e3d39f'),
	(553, 9, 300, '05/12/2017 17:50:22'),
	(554, 22, 301, '[Nikolay, test]'),
	(555, 18, 301, 'test2'),
	(556, 12, 302, ''),
	(557, 15, 302, ''),
	(558, 13, 302, 'initialdata/img/default.png'),
	(559, 11, 302, ''),
	(560, 19, 302, 'default-mini.png'),
	(561, 14, 302, ''),
	(562, 3, 303, '$2a$10$KBl1.YIIMkNfMfq91MKnyew5rn3aHi06JWKULxLQloVmeRXX62pru'),
	(563, 6, 303, 'false'),
	(564, 4, 303, 'reddwq@dsfgg'),
	(565, 5, 303, 'false'),
	(566, 2, 303, 'test3'),
	(567, 8, 304, '1a94a6ef-bf30-4904-8a0e-0722bf0d442a'),
	(568, 9, 304, '05/12/2017 18:02:33'),
	(569, 22, 305, '[Nikolay]'),
	(570, 18, 305, 'test3'),
	(571, 22, 306, '[test]'),
	(572, 18, 306, 'test3'),
	(573, 12, 307, ''),
	(574, 15, 307, ''),
	(575, 13, 307, 'initialdata/img/default.png'),
	(576, 11, 307, ''),
	(577, 19, 307, 'default-mini.png'),
	(578, 14, 307, ''),
	(579, 3, 308, '$2a$10$ujSPIHEBLkDXk8Hbzv3orO.NmPHZuIMkThfL9PRUwXGP/fdbzTHjK'),
	(580, 6, 308, 'false'),
	(581, 4, 308, 'dfsdf@dsfdsf'),
	(582, 5, 308, 'false'),
	(583, 2, 308, 'test4'),
	(584, 8, 309, 'dd48c38f-c99b-4f72-a11b-693505d344e0'),
	(585, 9, 309, '05/12/2017 18:13:33'),
	(586, 22, 310, '[Nikolay,  test, test]'),
	(587, 18, 310, 'test4'),
	(588, 12, 311, ''),
	(589, 15, 311, ''),
	(590, 13, 311, 'initialdata/img/default.png'),
	(591, 11, 311, ''),
	(592, 19, 311, 'default-mini.png'),
	(593, 14, 311, ''),
	(594, 3, 312, '$2a$10$rwb2P21BxzEDmI4g7/lz0uZBMwg0X.Lxxxb4.rQSiFEMrZ8WObkUC'),
	(595, 6, 312, 'false'),
	(596, 4, 312, 'sdfsdf@ddsfgds'),
	(597, 5, 312, 'true'),
	(598, 2, 312, 'test5'),
	(599, 8, 313, '449edbd8-8172-45e9-bd8a-a061ebf4aa25'),
	(600, 9, 313, '05/12/2017 18:28:49'),
	(601, 22, 314, '[Nikolay, test2]'),
	(602, 18, 314, 'test5'),
	(603, 8, 315, '61464260-ef56-4b2f-aff0-a19013e924a1'),
	(604, 9, 315, '05/12/2017 18:37:55'),
	(605, 17, 316, '05/11/2017 20:08:56'),
	(606, 23, 316, '[test, test2, Nikolay]'),
	(607, 16, 316, 'rrtttttt'),
	(608, 18, 316, 'Nikolay'),
	(609, 17, 317, '05/11/2017 20:15:19'),
	(610, 20, 317, '316'),
	(611, 16, 317, 'ttt'),
	(612, 17, 318, '05/11/2017 20:15:23'),
	(613, 20, 318, '316'),
	(614, 16, 318, 'yy'),
	(615, 17, 319, '05/12/2017 00:28:55'),
	(616, 20, 319, '316'),
	(617, 16, 319, 'rrr'),
	(618, 17, 320, '05/12/2017 00:29:08'),
	(619, 20, 320, '316'),
	(620, 16, 320, 'yyy'),
	(621, 17, 321, '05/12/2017 00:31:23'),
	(622, 23, 321, '[]'),
	(623, 16, 321, 'Ничего'),
	(624, 18, 321, 'Nikolay'),
	(625, 10, 322, '1cfaa25a-49b1-4b99-847e-5be59b4b3639'),
	(626, 9, 322, '05/14/2017 14:05:18'),
	(627, 10, 323, 'f483330d-f9db-4f55-b3c3-2fc2b530d5fd'),
	(628, 10, 324, 'e22d1dac-6231-4b9a-b752-17f471dff6b8'),
	(629, 9, 323, '05/14/2017 14:21:18'),
	(630, 9, 324, '05/14/2017 14:21:18'),
	(631, 10, 325, '1c8255f3-d2a9-4453-a7fc-1ad848e41973'),
	(632, 9, 325, '05/14/2017 14:26:14'),
	(633, 10, 326, '33b7f3c0-3b0f-42e2-8421-03da415614b3'),
	(634, 9, 326, '05/14/2017 14:26:26'),
	(635, 10, 327, 'ee719f94-e521-4de6-a82d-5c4673cbcad2'),
	(636, 9, 327, '05/14/2017 14:36:57'),
	(637, 7, 328, 'CHANGE_PASSWORD_PRIVILEGE'),
	(638, 10, 329, '86df6a02-f690-4366-890c-51643ef47924'),
	(639, 9, 329, '05/14/2017 14:42:31'),
	(640, 10, 330, 'e420e42c-85f6-4017-9718-623d6dd195b1'),
	(641, 9, 330, '05/14/2017 14:50:21'),
	(642, 10, 331, 'da58838d-5dc2-4a63-b299-4557f4a9b5b9'),
	(643, 9, 331, '05/14/2017 14:59:38'),
	(644, 10, 332, '6db5d53c-d186-4708-b212-6c1a0b26a9fa'),
	(645, 9, 332, '05/14/2017 15:12:26'),
	(646, 10, 333, '9f5c1f03-c009-4d9a-9462-7f7c9394dc73'),
	(647, 9, 333, '05/14/2017 15:21:19'),
	(648, 17, 334, '05/13/2017 20:26:45'),
	(649, 23, 334, '[]'),
	(650, 16, 334, 'fffffff'),
	(651, 18, 334, 'Nikolay');
/*!40000 ALTER TABLE `attribute_value` ENABLE KEYS */;

-- Дамп структуры для таблица twitter_eav.object
CREATE TABLE IF NOT EXISTS `object` (
  `entity_id` int(11) NOT NULL AUTO_INCREMENT,
  `type_id` int(11) NOT NULL,
  PRIMARY KEY (`entity_id`),
  KEY `type_id_idx` (`type_id`),
  CONSTRAINT `type_id` FOREIGN KEY (`type_id`) REFERENCES `object_type` (`type_id`) ON DELETE NO ACTION ON UPDATE NO ACTION
) ENGINE=InnoDB AUTO_INCREMENT=335 DEFAULT CHARSET=utf8;

-- Дамп данных таблицы twitter_eav.object: ~141 rows (приблизительно)
/*!40000 ALTER TABLE `object` DISABLE KEYS */;
INSERT INTO `object` (`entity_id`, `type_id`) VALUES
	(200, 1),
	(294, 1),
	(299, 1),
	(303, 1),
	(308, 1),
	(312, 1),
	(197, 2),
	(198, 2),
	(201, 2),
	(243, 2),
	(244, 2),
	(245, 2),
	(246, 2),
	(247, 2),
	(248, 2),
	(249, 2),
	(250, 2),
	(251, 2),
	(256, 2),
	(257, 2),
	(258, 2),
	(259, 2),
	(260, 2),
	(261, 2),
	(262, 2),
	(263, 2),
	(264, 2),
	(265, 2),
	(266, 2),
	(267, 2),
	(268, 2),
	(269, 2),
	(270, 2),
	(271, 2),
	(272, 2),
	(273, 2),
	(274, 2),
	(275, 2),
	(276, 2),
	(277, 2),
	(278, 2),
	(279, 2),
	(280, 2),
	(281, 2),
	(282, 2),
	(283, 2),
	(284, 2),
	(285, 2),
	(286, 2),
	(287, 2),
	(288, 2),
	(289, 2),
	(290, 2),
	(194, 3),
	(195, 3),
	(196, 3),
	(255, 3),
	(328, 3),
	(291, 4),
	(295, 4),
	(300, 4),
	(304, 4),
	(309, 4),
	(313, 4),
	(315, 4),
	(322, 5),
	(323, 5),
	(324, 5),
	(325, 5),
	(326, 5),
	(327, 5),
	(329, 5),
	(330, 5),
	(331, 5),
	(332, 5),
	(333, 5),
	(199, 6),
	(293, 6),
	(298, 6),
	(302, 6),
	(307, 6),
	(311, 6),
	(202, 7),
	(213, 7),
	(228, 7),
	(316, 7),
	(321, 7),
	(334, 7),
	(203, 8),
	(204, 8),
	(205, 8),
	(206, 8),
	(207, 8),
	(208, 8),
	(209, 8),
	(210, 8),
	(211, 8),
	(212, 8),
	(214, 8),
	(215, 8),
	(216, 8),
	(217, 8),
	(218, 8),
	(219, 8),
	(220, 8),
	(221, 8),
	(222, 8),
	(223, 8),
	(224, 8),
	(225, 8),
	(226, 8),
	(227, 8),
	(229, 8),
	(230, 8),
	(231, 8),
	(232, 8),
	(233, 8),
	(234, 8),
	(235, 8),
	(236, 8),
	(237, 8),
	(238, 8),
	(239, 8),
	(240, 8),
	(241, 8),
	(242, 8),
	(252, 8),
	(253, 8),
	(254, 8),
	(297, 8),
	(317, 8),
	(318, 8),
	(319, 8),
	(320, 8),
	(292, 9),
	(296, 9),
	(301, 9),
	(305, 9),
	(306, 9),
	(310, 9),
	(314, 9);
/*!40000 ALTER TABLE `object` ENABLE KEYS */;

-- Дамп структуры для таблица twitter_eav.object_type
CREATE TABLE IF NOT EXISTS `object_type` (
  `type_id` int(11) NOT NULL AUTO_INCREMENT,
  `type_name` varchar(45) NOT NULL,
  PRIMARY KEY (`type_id`),
  UNIQUE KEY `type_id_UNIQUE` (`type_id`),
  UNIQUE KEY `type_name_UNIQUE` (`type_name`)
) ENGINE=InnoDB AUTO_INCREMENT=10 DEFAULT CHARSET=utf8;

-- Дамп данных таблицы twitter_eav.object_type: ~9 rows (приблизительно)
/*!40000 ALTER TABLE `object_type` DISABLE KEYS */;
INSERT INTO `object_type` (`type_id`, `type_name`) VALUES
	(8, 'comment'),
	(5, 'password_reset_token'),
	(3, 'privilege'),
	(2, 'role'),
	(9, 'subscribe'),
	(7, 'tweet'),
	(1, 'user'),
	(6, 'user_profile'),
	(4, 'verification_token');
/*!40000 ALTER TABLE `object_type` ENABLE KEYS */;

-- Дамп структуры для таблица twitter_eav.reference
CREATE TABLE IF NOT EXISTS `reference` (
  `parent_id` int(11) NOT NULL,
  `child_id` int(11) NOT NULL,
  `ref_id` int(11) NOT NULL AUTO_INCREMENT,
  PRIMARY KEY (`ref_id`),
  KEY `parent_id_idx` (`parent_id`),
  KEY `child_id_idx` (`child_id`),
  CONSTRAINT `child_id` FOREIGN KEY (`child_id`) REFERENCES `object` (`entity_id`) ON DELETE NO ACTION ON UPDATE NO ACTION,
  CONSTRAINT `parent_id` FOREIGN KEY (`parent_id`) REFERENCES `object` (`entity_id`) ON DELETE NO ACTION ON UPDATE NO ACTION
) ENGINE=InnoDB AUTO_INCREMENT=275 DEFAULT CHARSET=utf8;

-- Дамп данных таблицы twitter_eav.reference: ~150 rows (приблизительно)
/*!40000 ALTER TABLE `reference` DISABLE KEYS */;
INSERT INTO `reference` (`parent_id`, `child_id`, `ref_id`) VALUES
	(197, 194, 125),
	(197, 195, 126),
	(197, 196, 127),
	(198, 194, 128),
	(198, 195, 129),
	(198, 196, 130),
	(200, 198, 131),
	(200, 199, 132),
	(201, 200, 133),
	(203, 200, 134),
	(204, 200, 135),
	(205, 200, 136),
	(206, 200, 137),
	(207, 200, 138),
	(208, 200, 139),
	(209, 200, 140),
	(210, 200, 141),
	(210, 209, 142),
	(211, 200, 143),
	(211, 209, 144),
	(212, 200, 145),
	(212, 209, 146),
	(214, 200, 147),
	(215, 200, 148),
	(216, 200, 149),
	(217, 200, 150),
	(218, 200, 151),
	(219, 200, 152),
	(220, 200, 153),
	(221, 200, 154),
	(222, 200, 155),
	(223, 200, 156),
	(223, 214, 157),
	(224, 200, 158),
	(224, 220, 159),
	(225, 200, 160),
	(225, 203, 161),
	(226, 200, 162),
	(226, 203, 163),
	(227, 200, 164),
	(227, 215, 165),
	(229, 200, 166),
	(230, 200, 167),
	(231, 200, 168),
	(231, 230, 169),
	(232, 200, 170),
	(232, 230, 171),
	(233, 200, 172),
	(234, 200, 173),
	(235, 200, 174),
	(235, 211, 175),
	(236, 200, 176),
	(236, 235, 177),
	(237, 200, 178),
	(237, 235, 179),
	(238, 200, 180),
	(238, 234, 181),
	(239, 200, 182),
	(239, 234, 183),
	(240, 200, 184),
	(240, 239, 185),
	(241, 200, 186),
	(242, 200, 187),
	(242, 240, 188),
	(243, 200, 189),
	(244, 200, 190),
	(245, 200, 191),
	(246, 200, 192),
	(247, 200, 193),
	(248, 200, 194),
	(249, 200, 195),
	(250, 200, 196),
	(251, 200, 197),
	(252, 200, 198),
	(252, 212, 199),
	(253, 200, 200),
	(253, 242, 201),
	(254, 200, 202),
	(254, 253, 203),
	(256, 200, 204),
	(257, 200, 205),
	(258, 200, 206),
	(259, 200, 207),
	(260, 200, 208),
	(261, 200, 209),
	(262, 200, 210),
	(263, 200, 211),
	(264, 200, 212),
	(265, 200, 213),
	(266, 200, 214),
	(267, 200, 215),
	(270, 200, 216),
	(268, 200, 217),
	(269, 200, 218),
	(271, 200, 219),
	(272, 200, 220),
	(273, 200, 221),
	(275, 200, 222),
	(274, 200, 223),
	(276, 200, 224),
	(277, 200, 225),
	(278, 200, 226),
	(279, 200, 227),
	(280, 200, 228),
	(281, 200, 229),
	(282, 200, 230),
	(283, 200, 231),
	(284, 200, 232),
	(285, 200, 233),
	(286, 200, 234),
	(287, 200, 235),
	(288, 200, 236),
	(289, 200, 237),
	(290, 200, 238),
	(291, 200, 239),
	(294, 198, 240),
	(294, 293, 241),
	(295, 294, 242),
	(297, 294, 243),
	(297, 232, 244),
	(299, 198, 245),
	(299, 298, 246),
	(300, 299, 247),
	(303, 198, 248),
	(303, 302, 249),
	(304, 303, 250),
	(308, 198, 251),
	(308, 307, 252),
	(309, 308, 253),
	(312, 198, 254),
	(312, 311, 255),
	(313, 312, 256),
	(315, 312, 257),
	(317, 200, 258),
	(318, 200, 259),
	(319, 200, 260),
	(319, 318, 261),
	(320, 200, 262),
	(320, 317, 263),
	(322, 200, 264),
	(323, 200, 265),
	(324, 200, 266),
	(325, 200, 267),
	(326, 200, 268),
	(327, 200, 269),
	(329, 200, 270),
	(330, 200, 271),
	(331, 200, 272),
	(332, 200, 273),
	(333, 200, 274);
/*!40000 ALTER TABLE `reference` ENABLE KEYS */;

/*!40101 SET SQL_MODE=IFNULL(@OLD_SQL_MODE, '') */;
/*!40014 SET FOREIGN_KEY_CHECKS=IF(@OLD_FOREIGN_KEY_CHECKS IS NULL, 1, @OLD_FOREIGN_KEY_CHECKS) */;
/*!40101 SET CHARACTER_SET_CLIENT=@OLD_CHARACTER_SET_CLIENT */;
